Banner, Nifrsdvhisdvhjsdvsdvjk, Resifv
Banner, Nifrsdvhisdvhjsdvsdvjk
Banner, Nifrsdvhisdvhjsdvsdvjk
Banner, Nifrsdvhisdvhjsdvsdvjk
Banner, Nifrsdvhisdvhjsdvsdvjk
Banner, Nifrsdvhisdvhjsdvsdvjk
Banner, Nifrsdvhisdvhjsdvsdvjk
Banner, Nifrsdvhisdvhjsdvsdvjk
Banner, Nifrsdvhisdvhjsdvsdvjk
Banner, Nifrsdvhisdvhjsdvsdvjk
Banner, Nifrsdvhisdvhjsdvsdvjk
Banner, Nifrsdvhisdvhjsdvsdvjk
Banner, Nifrsdvhisdvhjsdvsdvjk
Banner, Nifrsdvhisdvhjsdvsdvjk
Banner, Nifrsdvhisdvhjsdvsdvjk
Banner, Nifrsdvhisdvhjsdvsdvjk
Banner, Nifrsdvhisdvhjsdvsdvjk
Banner, Nifrsdvhisdvhjsdvsdvjk
Banner, Nifrsdvhisdvhjsdvsdvjk
Banner, Nifrsdvhisdvhjsdvsdvjk
